{
    "metadata": {
        "nbins": 49,
        "bins": [
            -2.5,
            -2.4,
            -2.3,
            -2.2,
            -2.1,
            -2.0,
            -1.9,
            -1.7999999999999998,
            -1.7,
            -1.6,
            -1.5,
            -1.2999999999999998,
            -1.2,
            -1.0999999999999999,
            -1.0,
            -0.8999999999999999,
            -0.7999999999999998,
            -0.7,
            -0.5999999999999999,
            -0.5,
            -0.3999999999999999,
            -0.2999999999999998,
            -0.19999999999999973,
            -0.09999999999999964,
            0.0,
            0.10000000000000009,
            0.20000000000000018,
            0.30000000000000027,
            0.40000000000000036,
            0.5,
            0.6000000000000001,
            0.7000000000000002,
            0.8000000000000003,
            0.9000000000000004,
            1.0,
            1.1,
            1.2000000000000002,
            1.3000000000000003,
            1.5,
            1.6000000000000005,
            1.7000000000000002,
            1.7999999999999998,
            1.9000000000000004,
            2.0,
            2.1000000000000005,
            2.2,
            2.3000000000000007,
            2.4000000000000004,
            2.5000000000000004
        ],
        "fit_strategy": "roofit",
        "bin_widths_scaled": [
            1.0000000000000044,
            1.0000000000000044,
            1.0,
            1.0000000000000044,
            1.0000000000000044,
            1.0000000000000044,
            1.0000000000000044,
            1.0000000000000022,
            1.0000000000000022,
            1.0000000000000044,
            2.000000000000009,
            1.0000000000000022,
            1.0000000000000044,
            1.0000000000000022,
            1.0000000000000044,
            1.0000000000000044,
            1.0000000000000022,
            1.0000000000000044,
            1.0000000000000022,
            1.0000000000000044,
            1.0000000000000044,
            1.0000000000000044,
            1.0000000000000044,
            1.0,
            1.0000000000000044,
            1.0000000000000044,
            1.0000000000000044,
            1.0000000000000044,
            1.0,
            1.0000000000000044,
            1.0000000000000044,
            1.0000000000000044,
            1.0000000000000044,
            1.0,
            1.0000000000000044,
            1.0000000000000044,
            1.0000000000000044,
            2.0000000000000044,
            1.0000000000000089,
            1.0,
            1.0,
            1.0000000000000089,
            1.0,
            1.0000000000000089,
            1.0,
            1.0000000000000089,
            1.0,
            1.0000000000000044
        ],
        "bin_widths_unscaled": [
            0.10000000000000009,
            0.10000000000000009,
            0.09999999999999964,
            0.10000000000000009,
            0.10000000000000009,
            0.10000000000000009,
            0.10000000000000009,
            0.09999999999999987,
            0.09999999999999987,
            0.10000000000000009,
            0.20000000000000018,
            0.09999999999999987,
            0.10000000000000009,
            0.09999999999999987,
            0.10000000000000009,
            0.10000000000000009,
            0.09999999999999987,
            0.10000000000000009,
            0.09999999999999987,
            0.10000000000000009,
            0.10000000000000009,
            0.10000000000000009,
            0.10000000000000009,
            0.09999999999999964,
            0.10000000000000009,
            0.10000000000000009,
            0.10000000000000009,
            0.10000000000000009,
            0.09999999999999964,
            0.10000000000000009,
            0.10000000000000009,
            0.10000000000000009,
            0.10000000000000009,
            0.09999999999999964,
            0.10000000000000009,
            0.10000000000000009,
            0.10000000000000009,
            0.19999999999999973,
            0.10000000000000053,
            0.09999999999999964,
            0.09999999999999964,
            0.10000000000000053,
            0.09999999999999964,
            0.10000000000000053,
            0.09999999999999964,
            0.10000000000000053,
            0.09999999999999964,
            0.10000000000000009
        ],
        "total_fit": 1118.8450230160379,
        "total_data": 1120.0
    },
    "Wmunu": {
        "prefit": 0.5739760845899582,
        "postfit": [
            0.5739760845899582,
            0.0
        ],
        "fixed": "True",
        "curve": [
            0.0,
            0.0,
            0.0,
            0.0,
            0.18775038421154022,
            0.0,
            0.0,
            0.0,
            0.0,
            0.0,
            0.0,
            0.0,
            0.0,
            0.0,
            0.0,
            0.0,
            0.0,
            0.13410769402980804,
            0.0,
            0.0,
            0.0,
            0.0,
            0.08889245241880417,
            0.20703113079071045,
            0.0,
            0.0,
            0.0707366019487381,
            0.0,
            0.0,
            0.0,
            0.0,
            0.0,
            0.0,
            0.0,
            0.0,
            0.0,
            0.0,
            0.0,
            0.0,
            0.0,
            0.09983906894922256,
            -0.27649053931236267,
            0.0,
            0.062109291553497314,
            0.0,
            0.0,
            0.0,
            0.0
        ]
    },
    "Wenu": {
        "prefit": 0.0,
        "postfit": [
            0.0,
            0.0
        ],
        "fixed": "True",
        "curve": [
            0.0,
            0.0,
            0.0,
            0.0,
            0.0,
            0.0,
            0.0,
            0.0,
            0.0,
            0.0,
            0.0,
            0.0,
            0.0,
            0.0,
            0.0,
            0.0,
            0.0,
            0.0,
            0.0,
            0.0,
            0.0,
            0.0,
            0.0,
            0.0,
            0.0,
            0.0,
            0.0,
            0.0,
            0.0,
            0.0,
            0.0,
            0.0,
            0.0,
            0.0,
            0.0,
            0.0,
            0.0,
            0.0,
            0.0,
            0.0,
            0.0,
            0.0,
            0.0,
            0.0,
            0.0,
            0.0,
            0.0,
            0.0
        ]
    },
    "Wtaunu": {
        "prefit": 0.0,
        "postfit": [
            0.0,
            0.0
        ],
        "fixed": "True",
        "curve": [
            0.0,
            0.0,
            0.0,
            0.0,
            0.0,
            0.0,
            0.0,
            0.0,
            0.0,
            0.0,
            0.0,
            0.0,
            0.0,
            0.0,
            0.0,
            0.0,
            0.0,
            0.0,
            0.0,
            0.0,
            0.0,
            0.0,
            0.0,
            0.0,
            0.0,
            0.0,
            0.0,
            0.0,
            0.0,
            0.0,
            0.0,
            0.0,
            0.0,
            0.0,
            0.0,
            0.0,
            0.0,
            0.0,
            0.0,
            0.0,
            0.0,
            0.0,
            0.0,
            0.0,
            0.0,
            0.0,
            0.0,
            0.0
        ]
    },
    "Zmumu": {
        "prefit": 0.1323789320886135,
        "postfit": [
            0.1323789320886135,
            0.0
        ],
        "fixed": "True",