{
    "metadata": {
        "nbins": 30,
        "bins": [
            -2.5,
            -2.1,
            -2.0,
            -1.7,
            -1.6,
            -1.2999999999999998,
            -1.2,
            -1.0,
            -0.8999999999999999,
            -0.7999999999999998,
            -0.7,
            -0.5999999999999999,
            -0.5,
            -0.3999999999999999,
            -0.2999999999999998,
            -0.09999999999999964,
            0.0,
            0.10000000000000009,
            0.20000000000000018,
            0.40000000000000036,
            0.6000000000000001,
            0.7000000000000002,
            0.8000000000000003,
            0.9000000000000004,
            1.1,
            1.2000000000000002,
            1.7000000000000002,
            1.9000000000000004,
            2.0,
            2.5000000000000004
        ],
        "fit_strategy": "roofit",
        "bin_widths_scaled": [
            4.000000000000013,
            1.0000000000000044,
            3.000000000000011,
            1.0000000000000022,
            3.0000000000000133,
            1.0000000000000022,
            2.0000000000000067,
            1.0000000000000044,
            1.0000000000000044,
            1.0000000000000022,
            1.0000000000000044,
            1.0000000000000022,
            1.0000000000000044,
            1.0000000000000044,
            2.000000000000009,
            1.0,
            1.0000000000000044,
            1.0000000000000044,
            2.000000000000009,
            2.0000000000000044,
            1.0000000000000044,
            1.0000000000000044,
            1.0000000000000044,
            2.0000000000000044,
            1.0000000000000044,
            5.000000000000018,
            2.000000000000009,
            1.0,
            5.000000000000022
        ],
        "bin_widths_unscaled": [
            0.3999999999999999,
            0.10000000000000009,
            0.30000000000000004,
            0.09999999999999987,
            0.30000000000000027,
            0.09999999999999987,
            0.19999999999999996,
            0.10000000000000009,
            0.10000000000000009,
            0.09999999999999987,
            0.10000000000000009,
            0.09999999999999987,
            0.10000000000000009,
            0.10000000000000009,
            0.20000000000000018,
            0.09999999999999964,
            0.10000000000000009,
            0.10000000000000009,
            0.20000000000000018,
            0.19999999999999973,
            0.10000000000000009,
            0.10000000000000009,
            0.10000000000000009,
            0.19999999999999973,
            0.10000000000000009,
            0.5,
            0.20000000000000018,
            0.09999999999999964,
            0.5000000000000004
        ],
        "total_fit": 249.68466454875207,
        "total_data": 251.0
    },
    "Wmunu": {
        "prefit": 0.3906163349747658,
        "postfit": [
            0.3906163349747658,
            0.0
        ],
        "fixed": "True",
        "curve": [
            0.0,
            0.0,
            0.3049323558807373,
            0.0,
            0.0,
            0.0,
            0.0,
            0.08568397909402847,
            0.0,
            0.0,
            0.0,
            0.0,
            0.0,
            0.0,
            0.0,
            0.0,
            0.0,
            0.0,
            0.0,
            0.0,
            0.0,
            0.0,
            0.0,
            0.0,
            0.0,
            0.0,
            0.0,
            0.0,
            0.0
        ]
    },
    "Wenu": {
        "prefit": 0.0,
        "postfit": [
            0.0,
            0.0
        ],
        "fixed": "True",
        "curve": [
            0.0,
            0.0,
            0.0,
            0.0,
            0.0,
            0.0,
            0.0,
            0.0,
            0.0,
            0.0,
            0.0,
            0.0,
            0.0,
            0.0,
            0.0,
            0.0,
            0.0,
            0.0,
            0.0,
            0.0,
            0.0,
            0.0,
            0.0,
            0.0,
            0.0,
            0.0,
            0.0,
            0.0,
            0.0
        ]
    },
    "Wtaunu": {
        "prefit": 0.0,
        "postfit": [
            0.0,
            0.0
        ],
        "fixed": "True",
        "curve": [
            0.0,
            0.0,
            0.0,
            0.0,
            0.0,
            0.0,
            0.0,
            0.0,
            0.0,
            0.0,
            0.0,
            0.0,
            0.0,
            0.0,
            0.0,
            0.0,
            0.0,
            0.0,
            0.0,
            0.0,
            0.0,
            0.0,
            0.0,
            0.0,
            0.0,
            0.0,
            0.0,
            0.0,
            0.0
        ]
    },
    "Zmumu": {
        "prefit": 0.027606435120105743,
        "postfit": [
            0.027606435120105743,
            0.0
        ],
        "fixed": "True",
        "curve": [
            0.0,
            0.0,
            0.0,
            0.0,
            0.0,
            0.0,
            0.0,
            0.0,
            0.0,
            0.0,
            0.0,
            0.0,
            0.0,
            0.0,
            0.027606435120105743,
            0.0,
            0.0,
            0.0,
            0.0,
            0.0,
            0.0,
            0.0,
            0.0,
            0.0,
            0.0,
            0.0,
            0.0,
            0.0,
            0.0
        ]
    },
    "Zee": {
        "prefit": 0.0,
        "postfit": [
            0.0,
            0.0
        ],
        "fixed": "True",
        "curve": [
            0.0,
            0.0,
            0.0,
            0.0,
            0.0,
            0.0,
            0.0,
            0.0,
            0.0,
            0.0,
            0.0,
            0.0,
            0.0,
            0.0,
            0.0,
            0.0,
            0.0,
            0.0,
            0.0,
            0.0,
            0.0,
            0.0,
            0.0,
            0.0,
            0.0,
            0.0,
            0.0,
            0.0,
            0.0
        ]
    },
    "Ztautau": {
        "prefit": 0.6906038857996464,
        "postfit": [
            0.6906038857996464,
            0.0
        ],
        "fixed": "True",
        "curve": [
            0.15642032027244568,
            0.0,
            0.0,
            0.0,
            0.0,
            0.0,
            0.0,
            0.0,
            0.0,
            0.0,
            0.0,
            0.0,
            0.15199318528175354,
            0.0,
            0.0,
            0.0,
            0.0,
            0.0,
            0.0,
            -0.0046868957579135895,
            0.07001515477895737,
            0.0,
            0.0,
            0.0,
            0.05795545876026154,
            0.0,
            0.0,
            0.0,
            0.25890666246414185
        ]
    },
    "singletop": {
        "prefit": 3.499356349930167,
        "postfit": [
            3.499356349930167,
            0.0
        ],
        "fixed": "True",
        "curve": [
            0.28604191541671753,
            0.0,
            0.0,
            0.3329516351222992,
            0.0,
            0.0,
            0.0,
            0.0,
            0.19275937974452972,
            0.3281353712081909,
            0.0,
            0.0,
            0.0,
            0.32074716687202454,
            0.0,
            0.2960734963417053,
            0.0,
            0.0,
            0.5654410868883133,
            0.028728445991873745,
            0.0,
            0.0,
            0.0,
            0.0,
            0.0,
            0.5397631525993347,
            0.6087146997451782,
            0.0,
            0.0
        ]
    },
    "ttV": {
        "prefit": 3.29673776216805,