{
    "metadata": {
        "nbins": 30,
        "bins": [
            -2.5,
            -2.1,
            -2.0,
            -1.7,
            -1.6,
            -1.2999999999999998,
            -1.2,
            -1.0,
            -0.8999999999999999,
            -0.7999999999999998,
            -0.7,
            -0.5999999999999999,
            -0.5,
            -0.3999999999999999,
            -0.2999999999999998,
            -0.09999999999999964,
            0.0,
            0.10000000000000009,
            0.20000000000000018,
            0.40000000000000036,
            0.6000000000000001,
            0.7000000000000002,
            0.8000000000000003,
            0.9000000000000004,
            1.1,
            1.2000000000000002,
            1.7000000000000002,
            1.9000000000000004,
            2.0,
            2.5000000000000004
        ],
        "fit_strategy": "roofit",
        "bin_widths_scaled": [
            4.000000000000013,
            1.0000000000000044,
            3.000000000000011,
            1.0000000000000022,
            3.0000000000000133,
            1.0000000000000022,
            2.0000000000000067,
            1.0000000000000044,
            1.0000000000000044,
            1.0000000000000022,
            1.0000000000000044,
            1.0000000000000022,
            1.0000000000000044,
            1.0000000000000044,
            2.000000000000009,
            1.0,
            1.0000000000000044,
            1.0000000000000044,
            2.000000000000009,
            2.0000000000000044,
            1.0000000000000044,
            1.0000000000000044,
            1.0000000000000044,
            2.0000000000000044,
            1.0000000000000044,
            5.000000000000018,
            2.000000000000009,
            1.0,
            5.000000000000022
        ],
        "bin_widths_unscaled": [
            0.3999999999999999,
            0.10000000000000009,
            0.30000000000000004,
            0.09999999999999987,
            0.30000000000000027,
            0.09999999999999987,
            0.19999999999999996,
            0.10000000000000009,
            0.10000000000000009,
            0.09999999999999987,
            0.10000000000000009,
            0.09999999999999987,
            0.10000000000000009,
            0.10000000000000009,
            0.20000000000000018,
            0.09999999999999964,
            0.10000000000000009,
            0.10000000000000009,
            0.20000000000000018,
            0.19999999999999973,
            0.10000000000000009,
            0.10000000000000009,
            0.10000000000000009,
            0.19999999999999973,
            0.10000000000000009,
            0.5,
            0.20000000000000018,
            0.09999999999999964,
            0.5000000000000004
        ],
        "total_fit": 3062.0229477554226,
        "total_data": 3060.0
    },
    "Wmunu": {
        "prefit": 1.057353526353836,
        "postfit": [
            1.057353526353836,
            0.0
        ],
        "fixed": "True",
        "curve": [
            0.0,
            0.0,
            0.17140324413776398,
            0.08243657648563385,
            0.0,
            0.0,
            0.0,
            0.0,
            0.0,
            0.0,
            0.0,
            0.0,
            0.0,
            0.0,
            0.0,
            0.13086655735969543,
            0.0,
            0.0,
            0.1332164704799652,
            0.11171926558017731,
            0.08624725043773651,
            0.34146416187286377,
            0.0,
            0.0,
            0.0,
            0.0,
            0.0,
            0.0,
            0.0
        ]
    },
    "Wenu": {
        "prefit": 0.0,
        "postfit": [
            0.0,
            0.0
        ],
        "fixed": "True",
        "curve": [
            0.0,
            0.0,
            0.0,
            0.0,
            0.0,
            0.0,
            0.0,
            0.0,
            0.0,
            0.0,
            0.0,
            0.0,
            0.0,
            0.0,
            0.0,
            0.0,
            0.0,
            0.0,
            0.0,
            0.0,
            0.0,
            0.0,
            0.0,
            0.0,
            0.0,
            0.0,
            0.0,
            0.0,
            0.0
        ]
    },
    "Wtaunu": {
        "prefit": 0.0,
        "postfit": [
            0.0,
            0.0
        ],
        "fixed": "True",
        "curve": [
            0.0,
            0.0,
            0.0,
            0.0,
            0.0,
            0.0,
            0.0,
            0.0,
            0.0,
            0.0,
            0.0,
            0.0,
            0.0,
            0.0,
            0.0,
            0.0,
            0.0,
            0.0,
            0.0,
            0.0,
            0.0,
            0.0,
            0.0,
            0.0,
            0.0,
            0.0,
            0.0,
            0.0,
            0.0
        ]
    },
    "Zmumu": {
        "prefit": 0.023979760706424713,
        "postfit": [
            0.023979760706424713,
            0.0
        ],
        "fixed": "True",
        "curve": [
            0.0,
            0.0,
            0.0,
            0.0,
            0.0,
            0.0,
            0.0,
            0.0,
            0.0,
            0.0,
            0.0,
            0.0,
            0.0,
            0.0,
            0.0,
            0.0,
            0.0,
            0.0,
            0.0,
            0.0,
            0.0,
            0.0,
            0.023979760706424713,
            0.0,
            0.0,
            0.0,
            0.0,
            0.0,
            0.0
        ]
    },
    "Zee": {
        "prefit": 0.0,
        "postfit": [
            0.0,
            0.0
        ],
        "fixed": "True",
        "curve": [
            0.0,
            0.0,
            0.0,
            0.0,
            0.0,
            0.0,
            0.0,
            0.0,
            0.0,
            0.0,
            0.0,
            0.0,
            0.0,
            0.0,
            0.0,
            0.0,
            0.0,
            0.0,
            0.0,
            0.0,
            0.0,
            0.0,
            0.0,
            0.0,
            0.0,
            0.0,
            0.0,
            0.0,
            0.0
        ]
    },
    "Ztautau": {
        "prefit": 123.40443447232246,
        "postfit": [
            123.40443447232246,
            0.0
        ],
        "fixed": "True",
        "curve": [
            4.860905885696411,
            0.74055016040802,
            6.759242296218872,
            1.399796724319458,
            1.3232677578926086,
            1.9667034149169922,
            6.742879748344421,
            3.488974094390869,
            3.4832351207733154,
            1.7154324054718018,
            11.047016143798828,
            3.6571409702301025,
            0.33998894691467285,
            3.6210618019104004,
            6.991300344467163,
            7.077520847320557,
            3.0657317638397217,
            2.767768621444702,
            11.307347297668457,
            7.784571886062622,
            3.2001590728759766,
            3.346278429031372,
            2.110626697540283,
            12.037001132965088,
            2.0147554874420166,
            4.097584754228592,
            4.016440033912659,
            0.8661234378814697,
            1.575029194355011
        ]
    },
    "singletop": {
        "prefit": 497.9196124076843,
        "postfit": [
            497.9196124076843,
            0.0
        ],
        "fixed": "True",