{
    "metadata": {
        "nbins": 29,
        "bins": [
            50.0,
            51.0,
            52.0,
            53.0,
            54.0,
            55.0,
            56.0,
            57.0,
            58.0,
            59.0,
            60.0,
            61.0,
            62.0,
            63.0,
            64.0,
            66.0,
            67.0,
            70.0,
            72.0,
            75.0,
            80.0,
            84.0,
            90.0,
            92.0,
            94.0,
            100.0,
            105.0,
            128.0,
            2000.0
        ],
        "fit_strategy": "roofit",
        "bin_widths_scaled": [
            1.0,
            1.0,
            1.0,
            1.0,
            1.0,
            1.0,
            1.0,
            1.0,
            1.0,
            1.0,
            1.0,
            1.0,
            1.0,
            1.0,
            2.0,
            1.0,
            3.0,
            2.0,
            3.0,
            5.0,
            4.0,
            6.0,
            2.0,
            2.0,
            6.0,
            5.0,
            23.0,
            1872.0
        ],
        "bin_widths_unscaled": [
            1.0,
            1.0,
            1.0,
            1.0,
            1.0,
            1.0,
            1.0,
            1.0,
            1.0,
            1.0,
            1.0,
            1.0,
            1.0,
            1.0,
            2.0,
            1.0,
            3.0,
            2.0,
            3.0,
            5.0,
            4.0,
            6.0,
            2.0,
            2.0,
            6.0,
            5.0,
            23.0,
            1872.0
        ],
        "total_fit": 3060.122103088458,
        "total_data": 3060.0
    },
    "Wmunu": {
        "prefit": 1.057353526353836,
        "postfit": [
            1.057353526353836,
            0.0
        ],
        "fixed": "True",
        "curve": [
            0.1332164704799652,
            0.09199817478656769,
            0.0,
            0.0,
            0.0,
            0.08624725043773651,
            0.07940506935119629,
            0.0,
            0.0,
            0.0,
            0.0,
            0.34146416187286377,
            0.0,
            0.08243657648563385,
            0.0,
            0.0,
            0.0,
            0.0,
            0.0,
            0.0,
            0.0,
            0.0,
            0.0,
            0.0,
            0.0,
            0.13086655735969543,
            0.0,
            0.11171926558017731
        ]
    },
    "Wenu": {
        "prefit": 0.0,
        "postfit": [
            0.0,
            0.0
        ],
        "fixed": "True",
        "curve": [
            0.0,
            0.0,
            0.0,
            0.0,
            0.0,
            0.0,
            0.0,
            0.0,
            0.0,
            0.0,
            0.0,
            0.0,
            0.0,
            0.0,
            0.0,
            0.0,
            0.0,
            0.0,
            0.0,
            0.0,
            0.0,
            0.0,
            0.0,
            0.0,
            0.0,
            0.0,
            0.0,
            0.0
        ]
    },
    "Wtaunu": {
        "prefit": 0.0,
        "postfit": [
            0.0,
            0.0
        ],
        "fixed": "True",
        "curve": [
            0.0,
            0.0,
            0.0,
            0.0,
            0.0,
            0.0,
            0.0,
            0.0,
            0.0,
            0.0,
            0.0,
            0.0,
            0.0,
            0.0,
            0.0,
            0.0,
            0.0,
            0.0,
            0.0,
            0.0,
            0.0,
            0.0,
            0.0,
            0.0,
            0.0,
            0.0,
            0.0,
            0.0
        ]
    },
    "Zmumu": {
        "prefit": 0.023979760706424713,
        "postfit": [
            0.023979760706424713,
            0.0
        ],
        "fixed": "True",
        "curve": [
            0.0,
            0.0,
            0.0,
            0.0,
            0.0,
            0.0,
            0.0,
            0.023979760706424713,
            0.0,
            0.0,
            0.0,
            0.0,
            0.0,
            0.0,
            0.0,
            0.0,
            0.0,
            0.0,
            0.0,
            0.0,
            0.0,
            0.0,
            0.0,
            0.0,
            0.0,
            0.0,
            0.0,
            0.0
        ]
    },
    "Zee": {
        "prefit": 0.0,
        "postfit": [
            0.0,
            0.0
        ],
        "fixed": "True",
        "curve": [
            0.0,
            0.0,
            0.0,
            0.0,
            0.0,
            0.0,
            0.0,
            0.0,
            0.0,
            0.0,
            0.0,
            0.0,
            0.0,
            0.0,
            0.0,
            0.0,
            0.0,
            0.0,
            0.0,
            0.0,
            0.0,
            0.0,
            0.0,
            0.0,
            0.0,
            0.0,
            0.0,
            0.0
        ]
    },
    "Ztautau": {
        "prefit": 123.40443570795469,
        "postfit": [
            123.40443570795469,
            0.0
        ],
        "fixed": "True",
        "curve": [
            5.900549411773682,
            4.145256519317627,
            0.6516439914703369,
            4.130541801452637,
            3.7382209300994873,
            2.6144511699676514,
            6.117396831512451,
            2.0022051334381104,
            13.855484962463379,
            3.5554661750793457,
            2.8658628463745117,
            2.698829412460327,
            0.18494805693626404,
            2.3956687450408936,
            3.757512092590332,
            -0.5284186005592346,
            7.741748571395874,
            5.248397350311279,
            3.487271308898926,
            6.576131880283356,
            3.981876224279404,
            4.064054995775223,
            3.18351674079895,
            1.6085304021835327,
            4.565896600484848,
            0.3341202735900879,
            16.090254928916693,
            8.437016951618716
        ]
    },
    "singletop": {
        "prefit": 497.9196091592312,
        "postfit": [
            497.9196091592312,
            0.0
        ],
        "fixed": "True",
        "curve": [
            12.134871482849121,
            13.821317672729492,
            12.995880126953125,
            15.001501083374023,
            13.274345397949219,
            12.431770324707031,
            10.562026023864746,
            15.172812461853027,
            12.976682662963867,
            10.034820556640625,
            12.188297271728516,
            11.103574752807617,
            8.1305570602417,
            10.47361946105957,
            17.56300640106201,
            10.041500091552734,
            27.747459411621094,
            13.44909381866455,
            19.639968395233154,
            29.270610332489014,
            21.873552799224854,
            28.96749258041382,
            8.985607147216797,
            6.684068083763123,
            22.772510051727295,
            12.360051989555359,
            49.20612609386444,
            59.05648562312126
        ]
    },
    "ttV": {
        "prefit": 9.464499727476323,
        "postfit": [
            9.464499727476323,
            0.0
        ],
        "fixed": "True",