{
    "metadata": {
        "nbins": 29,
        "bins": [
            50.0,
            51.0,
            52.0,
            53.0,
            54.0,
            55.0,
            56.0,
            57.0,
            58.0,
            59.0,
            60.0,
            61.0,
            62.0,
            63.0,
            64.0,
            66.0,
            67.0,
            70.0,
            72.0,
            75.0,
            80.0,
            84.0,
            90.0,
            92.0,
            94.0,
            100.0,
            105.0,
            128.0,
            2000.0
        ],
        "fit_strategy": "roofit",
        "bin_widths_scaled": [
            1.0,
            1.0,
            1.0,
            1.0,
            1.0,
            1.0,
            1.0,
            1.0,
            1.0,
            1.0,
            1.0,
            1.0,
            1.0,
            1.0,
            2.0,
            1.0,
            3.0,
            2.0,
            3.0,
            5.0,
            4.0,
            6.0,
            2.0,
            2.0,
            6.0,
            5.0,
            23.0,
            1872.0
        ],
        "bin_widths_unscaled": [
            1.0,
            1.0,
            1.0,
            1.0,
            1.0,
            1.0,
            1.0,
            1.0,
            1.0,
            1.0,
            1.0,
            1.0,
            1.0,
            1.0,
            2.0,
            1.0,
            3.0,
            2.0,
            3.0,
            5.0,
            4.0,
            6.0,
            2.0,
            2.0,
            6.0,
            5.0,
            23.0,
            1872.0
        ],
        "total_fit": 251.17536421533447,
        "total_data": 251.0
    },
    "Wmunu": {
        "prefit": 0.3906163200736046,
        "postfit": [
            0.3906163200736046,
            0.0
        ],
        "fixed": "True",
        "curve": [
            0.0,
            0.0,
            0.0,
            0.0,
            0.0,
            0.0,
            0.0,
            0.0,
            0.0,
            0.0,
            0.0,
            0.0,
            0.0,
            0.0,
            0.0,
            0.0,
            0.0,
            0.2262108251452446,
            0.16440549492835999,
            0.0,
            0.0,
            0.0,
            0.0,
            0.0,
            0.0,
            0.0,
            0.0,
            0.0
        ]
    },
    "Wenu": {
        "prefit": 0.0,
        "postfit": [
            0.0,
            0.0
        ],
        "fixed": "True",
        "curve": [
            0.0,
            0.0,
            0.0,
            0.0,
            0.0,
            0.0,
            0.0,
            0.0,
            0.0,
            0.0,
            0.0,
            0.0,
            0.0,
            0.0,
            0.0,
            0.0,
            0.0,
            0.0,
            0.0,
            0.0,
            0.0,
            0.0,
            0.0,
            0.0,
            0.0,
            0.0,
            0.0,
            0.0
        ]
    },
    "Wtaunu": {
        "prefit": 0.0,
        "postfit": [
            0.0,
            0.0
        ],
        "fixed": "True",
        "curve": [
            0.0,
            0.0,
            0.0,
            0.0,
            0.0,
            0.0,
            0.0,
            0.0,
            0.0,
            0.0,
            0.0,
            0.0,
            0.0,
            0.0,
            0.0,
            0.0,
            0.0,
            0.0,
            0.0,
            0.0,
            0.0,
            0.0,
            0.0,
            0.0,
            0.0,
            0.0,
            0.0,
            0.0
        ]
    },
    "Zmumu": {
        "prefit": 0.027606435120105743,
        "postfit": [
            0.027606435120105743,
            0.0
        ],
        "fixed": "True",
        "curve": [
            0.0,
            0.0,
            0.0,
            0.0,
            0.0,
            0.0,
            0.0,
            0.0,
            0.0,
            0.0,
            0.0,
            0.0,
            0.0,
            0.027606435120105743,
            0.0,
            0.0,
            0.0,
            0.0,
            0.0,
            0.0,
            0.0,
            0.0,
            0.0,
            0.0,
            0.0,
            0.0,
            0.0,
            0.0
        ]
    },
    "Zee": {
        "prefit": 0.0,
        "postfit": [
            0.0,
            0.0
        ],
        "fixed": "True",
        "curve": [
            0.0,
            0.0,
            0.0,
            0.0,
            0.0,
            0.0,
            0.0,
            0.0,
            0.0,
            0.0,
            0.0,
            0.0,
            0.0,
            0.0,
            0.0,
            0.0,
            0.0,
            0.0,
            0.0,
            0.0,
            0.0,
            0.0,
            0.0,
            0.0,
            0.0,
            0.0,
            0.0,
            0.0
        ]
    },
    "Ztautau": {
        "prefit": 0.6906038857996464,
        "postfit": [
            0.6906038857996464,
            0.0
        ],
        "fixed": "True",
        "curve": [
            0.07514002919197083,
            0.0,
            0.0,
            0.0,
            0.0,
            0.0,
            0.0,
            0.0,
            0.0,
            0.0,
            0.03010481223464012,
            0.0,
            0.0,
            0.0,
            0.25890666246414185,
            0.0,
            0.1279706135392189,
            0.0,
            0.0,
            0.08128029108047485,
            0.15199318528175354,
            0.0,
            0.0,
            0.0,
            0.0,
            0.0,
            -0.03479170799255371,
            0.0
        ]
    },
    "singletop": {
        "prefit": 3.499356357380748,
        "postfit": [
            3.499356357380748,
            0.0
        ],
        "fixed": "True",
        "curve": [
            0.028728445991873745,
            0.0,
            0.0,
            0.0,
            0.0,
            0.0,
            0.6102516055107117,
            0.0,
            0.0,
            0.0,
            0.0,
            0.3281353712081909,
            0.24948348104953766,
            0.0,
            0.28604191541671753,
            0.31595760583877563,
            0.2670477107167244,
            0.0,
            0.2960734963417053,
            0.3194851279258728,
            0.0,
            0.0,
            0.0,
            0.0,
            0.3192102611064911,
            0.0,
            0.47894133627414703,
            0.0
        ]
    },
    "ttV": {
        "prefit": 3.2967377929307986,
        "postfit": [
            3.2967377929307986,
            0.0
        ],
        "fixed": "True",
        "curve": [
            0.061729833483695984,
            0.11427000164985657,
            0.0905514508485794,
            0.10448983311653137,
            0.08894869685173035,
            0.06547167897224426,
            0.08141312003135681,
            0.02111266925930977,
            0.09536350518465042,
            0.014517918229103088,
            0.031969666481018066,
            0.06155592575669288,
            0.07327217608690262,
            0.0672973021864891,
            0.1404661200940609,
            0.06090778484940529,
            0.20580217987298965,
            0.04681447520852089,
            0.18195988610386848,
            0.22456849738955498,
            0.07517933333292603,
            0.15491047082468867,
            0.05068475380539894,
            0.03560934588313103,
            0.0950625769328326,
            0.14853721670806408,
            0.3628183582331985,
            0.5414530155539978
        ]
    },
    "diboson": {
        "prefit": 4.024810909193548,
        "postfit": [
            4.024810909193548,
            0.0
        ],
        "fixed": "True",